label,centroid-0,centroid-1,centroid-2,volume_voxels,bbox-0,bbox-1,bbox-2,bbox-3,bbox-4,bbox-5,equivalent_diameter,extent,solidity,bbox_z_length,bbox_y_length,bbox_x_length,shape_major_axis,shape_intermediate_axis,shape_minor_axis
1,13.495327102803738,226.6760124610592,359.8847352024922,321.0,10,220,357,17,236,364,8.495106021481153,0.4094387755102041,0.8514588859416445,7,16,7,13.019198224834971,12.896126712690412,6.04004963281992
2,14.900735294117647,201.24264705882354,332.0514705882353,272.0,12,197,328,18,207,337,8.038779084983904,0.5037037037037037,0.8662420382165605,6,10,9,10.129392807382827,8.963131755835718,7.130964363093284
3,18.64864431253008,243.77410556714264,318.51323600192524,6233.0,8,232,306,29,258,333,22.83316779521448,0.42280558947225616,0.8900471226617164,21,26,27,25.93681457700482,23.318538419220584,21.84671221328149
4,20.148387096774194,267.8516129032258,342.9290322580645,155.0,18,264,340,24,272,347,6.664655293794288,0.46130952380952384,0.8806818181818182,6,8,7,7.818104298361351,7.283094270487616,6.16551666304159
5,21.663823738450603,200.30135039090263,296.14285714285717,1407.0,16,190,290,28,211,303,13.902678881162597,0.42948717948717946,0.9007682458386683,12,21,13,17.78300159196436,17.03392881979614,11.263449800425521
6,21.964912280701753,273.72514619883043,343.32163742690057,171.0,19,271,340,26,278,347,6.886509686455715,0.49854227405247814,0.8465346534653465,7,7,7,7.962517279680538,7.350182862467721,6.335471033271832
7,23.220793140407288,164.41586280814576,304.0353697749196,933.0,18,157,299,29,173,310,12.123490425407475,0.4819214876033058,0.9111328125,11,16,11,13.894932547827699,13.617780123827913,10.532814216448719
8,26.774193548387096,275.92793411118737,312.94783802333563,2914.0,17,266,306,37,286,321,17.72135701768004,0.4856666666666667,0.9163522012578617,20,20,15,20.267905330685466,18.43305125574751,16.250649784596565
9,28.34416826003824,156.80879541108987,318.51051625239006,523.0,24,151,315,35,164,323,9.996186622148898,0.4571678321678322,0.8909710391822828,11,13,8,11.70960479069491,11.42534852836668,8.51606093207684
10,28.349514563106798,218.58700522778193,276.05414488424196,2678.0,21,207,269,36,232,283,17.22941969194488,0.510095238095238,0.9074889867841409,15,25,14,21.96666183650256,20.980651328898762,14.113791361727936
11,33.228122662677634,303.9618548990277,333.39940164547494,1337.0,25,297,328,42,312,340,13.668187515865263,0.4369281045751634,0.8901464713715047,17,15,12,15.453335274484017,14.652856020633736,12.269679449112633
12,35.43219178082192,138.99623287671233,269.95376712328766,2920.0,24,130,262,50,146,281,17.733511587346314,0.3694331983805668,0.7411167512690355,26,16,19,23.787126559593247,23.286868465537363,15.000654938547068
13,33.94232749742533,211.75042911088227,256.59732234809474,2913.0,24,203,249,44,222,265,17.719329634408986,0.47911184210526314,0.9180586196028995,20,19,16,19.715988991356973,17.944228313172495,16.702565936895788
14,38.7839762611276,135.71335311572702,275.46290801186944,1685.0,24,130,270,51,146,282,14.763877314926978,0.32503858024691357,0.7256675279931094,27,16,12,21.536298284767607,20.108287060383457,12.694427494144877
15,37.43572621035059,295.74624373956595,342.5943238731219,599.0,31,291,339,45,303,348,10.45866052790687,0.39616402116402116,0.8262068965517242,14,12,9,12.923527503901445,12.134372752990851,9.311922240073585
16,40.14151925078044,318.56607700312173,327.86576482830384,961.0,34,313,322,47,325,335,12.243575259331783,0.47386587771203154,0.9057492931196984,13,12,13,13.916899397240647,13.28010569527391,10.9259230037825
17,43.33407254870901,209.22128940281956,229.60319974655474,6313.0,30,199,220,59,220,239,22.930440039611504,0.5455881082015384,0.934705359786793,29,21,19,26.32913898988194,25.38457752160688,20.127564750450546
18,42.731695085255765,180.8716148445336,229.81569709127382,3988.0,32,170,222,54,193,239,19.675185808626008,0.4636131132294815,0.91804788213628,22,23,17,23.36134433251067,20.960656324536707,17.824154199501354
19,44.861200428724544,317.3788853161843,302.12325830653805,1866.0,37,308,295,53,327,310,15.27464078516983,0.40921052631578947,0.9124694376528117,16,19,15,19.054366421385676,17.44792410299211,13.142870185606586
20,48.042755344418055,299.03444180522564,341.97387173396675,842.0,40,294,336,59,305,348,11.715778611574557,0.335725677830941,0.7854477611940298,19,11,12,15.721180054774917,14.984273785500033,9.61737383099044
21,47.32116788321168,138.50091240875912,257.7463503649635,1096.0,41,133,250,58,146,265,12.791966418023701,0.3306184012066365,0.8058823529411765,17,13,15,14.78409851737136,13.32276353737513,12.324711590458136
22,46.20253164556962,273.39240506329116,249.69620253164558,316.0,43,269,246,50,279,255,8.450767500070894,0.5015873015873016,0.9294117647058824,7,10,9,10.149248382679895,9.26064287537489,7.4149206083996155
23,48.36752136752137,229.26630679262257,225.19208277103013,2223.0,39,222,216,57,237,234,16.19248910308832,0.45740740740740743,0.9163231657048639,18,15,18,18.061589671612772,17.432098593766796,14.64055737002196
24,49.24243951612903,258.3865927419355,232.10584677419354,1984.0,40,250,227,58,268,238,15.590056238503022,0.5566778900112234,0.9105094079853143,18,18,11,18.47891704793246,15.955124352108982,14.644247190222154
25,55.84107241569928,149.85019347705915,233.90270867882808,3618.0,42,143,225,72,159,244,19.046856657672,0.39671052631578946,0.8753931768691023,30,16,19,25.71719961191176,23.757338227312427,15.855480266541313
26,55.16263310745402,126.25363020329138,298.5827686350436,1033.0,47,122,293,65,131,305,12.542012609464765,0.5313786008230452,0.8967013888888888,18,9,12,15.604502556268423,14.336309624562908,10.71227699549864
27,57.23701298701299,268.5525974025974,218.46948051948053,1540.0,48,259,210,71,276,225,14.327619283883186,0.2625745950554135,0.6707317073170732,23,17,15,17.95875673580121,17.527144216661693,13.097303384205583
28,60.512269938650306,346.35460122699385,310.49386503067484,1630.0,51,341,303,71,352,318,14.601461489522219,0.49393939393939396,0.9070673344462994,20,11,15,18.24264523641466,16.006299738306407,13.16836757065998
29,64.23961589995534,137.2199642697633,248.7820455560518,4478.0,49,129,240,83,145,262,20.45008679728432,0.3741644385026738,0.7764869082711982,34,16,22,27.341753874964215,26.822819401068983,16.50616498042686
30,60.27513966480447,141.16061452513966,317.0209497206704,716.0,53,137,313,69,147,322,11.09953538364648,0.49722222222222223,0.8983688833124216,16,10,9,13.493974951071456,13.106279162543496,9.175136532139529
31,59.50963808025177,175.89358772619985,204.63158929976396,5084.0,46,167,193,75,187,216,21.333837030752036,0.3811094452773613,0.8938115330520394,29,20,23,26.444083366815924,25.53491488926475,17.791189793981655
32,60.326478149100254,332.46786632390746,336.32390745501283,389.0,55,328,333,66,338,341,9.056985233535592,0.4420454545454545,0.8881278538812786,11,10,8,11.086792144674536,9.313243256763899,8.585913816387595
33,61.08763206960845,211.28402734617774,196.2908638906153,1609.0,52,204,190,69,225,203,14.538484594428544,0.3466925231631114,0.7353747714808044,17,21,13,18.15496958171292,16.751280685242783,13.597453114525516
34,60.18340611353712,218.47889374090246,197.91120815138282,687.0,52,215,191,69,225,203,10.947611360436708,0.33676470588235297,0.7745208568207441,17,10,12,13.581842339182588,13.346374033540098,9.610884230461284
35,59.480722891566266,288.2259036144578,331.9180722891566,1660.0,49,275,325,73,301,342,14.690496991535243,0.15648567119155354,0.6365030674846626,24,26,17,22.107016333636558,20.04386495400944,13.290073091444919
36,62.213809812235006,264.59842519685037,214.26226529376135,1651.0,49,258,209,71,275,224,14.663899775258464,0.29429590017825313,0.676085176085176,22,17,15,18.945579297397845,18.066408551755234,13.680494057643791
37,68.07632232871849,222.31309904153355,185.8746893858715,2817.0,58,211,178,79,232,195,17.52250025161141,0.375750300120048,0.8740304064536146,21,21,17,20.181568755682076,17.63638986966148,16.808829330602112
38,69.04321329639889,280.8182825484765,327.9639889196676,1805.0,61,265,323,79,294,335,15.106349488764122,0.28815453384418904,0.6444127097465191,18,29,12,25.300040759366517,23.28185942478297,13.70759839240663
39,70.24813606710158,351.3205964585275,290.42218080149115,4292.0,57,343,281,85,360,300,20.162932535799822,0.4745687748783724,0.9192546583850931,28,17,19,25.099133966239897,23.128062785858745,17.2982556058483
40,70.5409090909091,133.21818181818182,294.9818181818182,220.0,67,130,292,75,138,299,7.489877008078426,0.49107142857142855,0.9053497942386831,8,8,7,8.949414621502013,8.463412469716621,6.389986939346212
41,71.34542949012402,306.74873679375287,232.13229214515388,2177.0,61,300,225,82,314,240,16.080020654026836,0.4936507936507937,0.915475189234651,21,14,15,18.69470351463392,17.665693846943437,14.063294563875756
42,76.2985347985348,346.83150183150184,319.52564102564105,546.0,69,343,315,83,352,325,10.140623847654274,0.43333333333333335,0.8625592417061612,14,9,10,12.181158581893328,11.154257323672145,8.947527980479617
43,75.78778677462888,335.90620782726046,261.61572199730097,2964.0,65,327,254,86,345,271,17.822140332305544,0.4612511671335201,0.9239401496259352,21,18,17,20.888375171297394,18.057634253386556,16.906649999063085
44,74.98196625945317,275.89296102385106,312.8283885980221,1719.0,69,266,306,80,285,321,14.862518839275044,0.5483253588516747,0.9061676331049024,11,19,15,17.321317353672285,16.263789570963368,13.58874185867612
45,79.8724523339908,215.19855358316897,170.87442472057856,1521.0,70,208,165,89,225,180,14.268452175056858,0.3139318885448916,0.844062153163152,19,17,15,18.72062393933221,17.649830993005224,11.99323630108344
46,81.67465871285992,189.3290122748652,174.1063439256625,8717.0,67,175,155,96,203,190,25.534232464260302,0.30672061928219563,0.8120924166200857,29,28,35,32.870052835513576,27.838938143492022,25.16143287156851
47,82.48225737494656,159.7084224027362,207.62419837537408,2339.0,72,150,198,95,167,217,16.469378090236084,0.314847220352672,0.8144150417827298,23,17,19,19.91449338707328,18.509565667669353,14.511404817642568
48,87.50856389986825,275.12285902503294,312.8633069828722,3036.0,80,266,307,101,285,320,17.9652961865923,0.5853094274146906,0.9330055316533498,21,19,13,21.233366680704595,18.818391919585192,17.06090097771884
49,85.91426071741033,144.4222805482648,259.8043161271508,3429.0,73,137,249,99,153,270,18.709246095636985,0.39251373626373626,0.876309736774853,26,16,21,22.890621142954238,21.140518743842012,16.162247287008125
50,83.11544381734222,150.7603899435608,292.5448948178553,1949.0,73,144,286,94,160,299,15.49783640842303,0.4461996336996337,0.9133083411433927,21,16,13,18.7056582816844,17.108928159229226,13.615106087511295
51,84.47885289870023,165.01217247782134,192.5465236228595,4847.0,71,152,179,97,179,203,20.99704275061788,0.2876899335232669,0.7547492992837123,26,27,24,27.13913298886415,24.826441722206173,18.91131229207343
52,87.56701557314271,152.9803420985448,175.3091651774317,3917.0,76,145,165,98,165,186,19.557724151833746,0.4239177489177489,0.876090360098412,22,20,21,21.051387735609996,20.247237160305776,19.136030113979135
53,87.97312252964427,339.897233201581,310.0490118577075,1265.0,79,334,305,98,346,316,13.418293933983344,0.5043859649122807,0.9186637618010167,19,12,11,15.398548530723977,14.752655529568523,11.766746044315562
54,89.74248927038627,362.56223175965664,278.74678111587986,1631.0,80,358,272,100,368,287,14.60444686304428,0.5436666666666666,0.9132138857782754,20,10,15,18.159482160304574,16.392612351102215,12.719337920419926
55,88.82142857142857,165.0064935064935,149.8538961038961,308.0,86,160,144,92,170,155,8.378842586487032,0.4666666666666667,0.9221556886227545,6,10,11,10.667980742740559,10.291645355711239,6.827392969770676
56,89.22766217870257,199.13463892288863,157.73194614443085,817.0,80,196,150,97,205,166,11.598659828508902,0.33374183006535946,0.8113207547169812,17,9,16,14.78359504746523,13.149094340224835,10.774500495886521
57,91.0705596107056,157.17457420924575,219.3832116788321,1644.0,80,148,206,104,164,226,14.64314614897566,0.2140625,0.6414358174014826,24,16,20,17.824551635328675,17.432460945712347,13.469498001510798
58,92.99625818521983,150.1178671655753,148.36576239476145,1069.0,87,145,141,99,156,157,12.686048311630074,0.506155303030303,0.9247404844290658,12,11,16,14.437747318180126,13.705724289685902,11.344697197058606
59,90.46801085692128,157.42031795269483,232.36758433501356,2579.0,78,151,224,103,167,246,17.014436616595525,0.29306818181818184,0.7079330222344222,25,16,22,22.290052511574867,19.405260666579807,17.44336021517431
60,93.35483870967742,173.3035190615836,135.5366568914956,1364.0,86,166,125,100,182,144,13.759582272309713,0.32048872180451127,0.791642484039466,14,16,19,17.67637051798878,17.294686652011794,11.840433808255518
61,92.37192474674384,194.32272069464545,145.4370477568741,691.0,88,186,141,97,203,152,10.968817440279357,0.41057635175282237,0.8615960099750624,9,17,11,15.117682299758501,15.042005074207445,8.439629472012427
62,93.50144300144301,137.15873015873015,141.06709956709958,1386.0,86,130,134,101,145,149,13.83316432526013,0.4106666666666667,0.86625,15,15,15,14.756139035375718,13.851341719965479,13.677815675625068
63,96.56759259259259,183.30555555555554,282.30185185185184,1080.0,88,177,278,106,192,288,12.729413015364662,0.4,0.8940397350993378,18,15,10,15.700710886900586,13.594271505793037,11.769967696258218
64,94.73157894736842,146.61929824561403,129.2438596491228,570.0,91,140,124,99,154,136,10.287079065364845,0.42410714285714285,0.9090909090909091,8,14,12,13.580895314411697,13.311919131002046,8.053456084984663
65,96.40123456790124,154.45987654320987,261.9537037037037,324.0,92,151,258,102,159,267,8.52148850768993,0.45,0.8709677419354839,10,8,9,9.630236972471197,8.775601961310791,7.92959164461351
66,97.44268406337372,126.58154706430568,137.05125815470643,1073.0,91,120,131,104,134,144,12.701851564732205,0.4535080304311074,0.8838550247116969,13,14,13,13.22202636326865,13.165294172171118,12.202039873225655
67,101.19742209169522,139.63501386849404,198.42143906020559,6129.0,86,131,187,124,156,215,22.70546147030236,0.23041353383458646,0.7353329334133173,38,25,28,32.131970661243265,30.650636370323888,19.73685899149346
68,96.96489468405215,209.58976930792377,147.50451354062187,997.0,90,199,141,104,218,155,12.394590380440395,0.2677228786251343,0.8246484698097601,14,19,14,17.410399047831334,16.94498189716112,9.674786519673495
69,91.46238477549807,233.2304490038656,153.39399345822181,3363.0,82,225,142,99,243,162,18.58843162735999,0.5495098039215687,0.9264462809917355,17,18,20,20.88052633799649,19.371184107528144,17.914703350297792
70,103.46222222222222,158.76095238095238,235.64698412698414,3150.0,95,151,226,116,167,246,18.187401062713498,0.46875,0.861597374179431,21,16,20,21.96419176787677,20.068908455004276,16.628628191921017
71,98.13076923076923,182.63846153846154,126.5923076923077,130.0,95,179,124,102,187,130,6.285139335191904,0.3869047619047619,0.8227848101265823,7,8,6,7.0492504211562785,6.539679766501393,6.040774197851503
72,97.21126760563381,345.2112676056338,237.84909456740442,994.0,91,340,230,103,352,245,12.38214600422132,0.4601851851851852,0.8651000870322019,12,12,15,13.815914779127835,13.035697515202227,11.880041697429549
73,99.57909233997901,121.12158971668416,164.8649003147954,7624.0,87,110,153,114,140,178,24.41901200848,0.37649382716049384,0.9002243476207344,27,30,25,28.911752914377306,26.69939837716007,22.008116328819177
74,98.0688210652304,151.12028725314184,212.85697187312985,1671.0,87,144,205,106,160,223,14.722874468920718,0.3053728070175439,0.7779329608938548,19,16,18,17.241393182276166,15.545855692098993,14.06931131544286
75,101.85744382022472,205.33778089887642,132.3426966292135,1424.0,95,197,123,111,212,140,13.9584476568284,0.34901960784313724,0.7876106194690266,16,15,17,17.129501884861256,14.907528258425524,13.379072988906627
76,111.68481291269259,234.55744680851063,149.03580337490828,6815.0,98,225,139,135,244,161,23.522803425058576,0.44064399327557224,0.811986178958656,37,19,22,32.86508633799499,32.5159356467523,18.912352310452672
77,107.20011015237746,194.10078942537177,115.68092527997062,5447.0,94,183,102,123,205,130,21.82995888015403,0.3049149126735334,0.8430583501006036,29,22,28,27.101214537709016,23.107878791706717,20.621397365311726
78,105.8041055718475,260.0516129032258,165.19472140762463,1705.0,96,254,159,116,267,172,14.822060683905889,0.5044378698224852,0.9088486140724946,20,13,13,18.76095782266618,16.4222107292084,13.232258623723117
79,108.08465244322092,345.46524432209225,235.69236063317274,1453.0,100,340,230,119,352,244,14.052566980307867,0.4552005012531328,0.8526995305164319,19,12,14,16.453839636102558,15.965793300184261,12.486003937118845
80,111.35150078988941,148.2093206951027,213.69510268562402,1266.0,105,143,207,122,155,220,13.421828785025152,0.47737556561085975,0.8683127572016461,17,12,13,16.21455705481889,15.758561700406354,11.62654025178189
81,109.1994342291372,135.1923620933522,109.92998585572843,1414.0,102,126,102,117,145,118,13.925696603457405,0.31008771929824563,0.8674846625766871,15,19,16,17.860195031209788,16.50573275429203,11.837957666915955
82,111.09196980096088,102.54221002059026,184.4996568291009,1457.0,103,94,177,120,111,193,14.065450386084667,0.31509515570934254,0.8278409090909091,17,17,16,16.240669242273782,14.982545782590082,12.917342534748098
83,113.33333333333333,124.52107279693486,203.22222222222223,261.0,110,121,199,118,129,208,7.928918643143567,0.453125,0.9288256227758007,8,8,9,9.63184310622091,9.323616490121509,6.6039066599600345
84,113.09536307961505,181.29075532225139,104.74861475648878,3429.0,100,170,92,129,192,117,18.709246095636985,0.2149843260188088,0.7488534614544661,29,22,25,23.47006660718604,19.963673379500563,18.1855464673922
85,113.7688127090301,180.96028428093646,255.78553511705687,2392.0,103,173,250,125,190,263,16.592844797587208,0.4919786096256685,0.9207082371054658,22,17,13,19.22574140001409,17.971970458210016,14.699300869527672
86,115.0957261651518,221.5097660027074,135.2809901373042,5171.0,98,209,126,135,233,146,21.4548412367657,0.2911599099099099,0.7344127254651328,37,24,20,31.934228464312145,31.164386007830046,16.463357942904263
87,116.73009161381255,90.95137420718817,162.17336152219872,1419.0,109,85,155,125,99,170,13.94209136383369,0.42232142857142857,0.885215221459763,16,14,15,15.650194260042186,14.13294813455435,13.21656304703102
88,116.25559481743227,94.00471142520612,186.69729093050648,849.0,108,88,180,122,101,195,11.748155582460534,0.310989010989011,0.8155619596541787,14,13,15,13.20728570364726,12.447032218104807,11.17517241633029
89,115.49079457364341,96.75,150.10513565891472,2064.0,106,88,143,128,105,159,15.796845001750796,0.3449197860962567,0.7962962962962963,22,17,16,17.757998616678403,17.264083849561562,14.617419428127018
90,114.89566929133858,159.96194225721786,98.80249343832021,1524.0,107,152,94,124,170,104,14.277826982073982,0.4980392156862745,0.9082240762812872,17,18,10,17.24658762214302,14.121064491277409,13.982479650882393
91,118.10647803425168,134.79151154132538,102.28518242740134,1343.0,111,126,94,126,143,110,13.688603061540942,0.32916666666666666,0.8224127372933252,15,17,16,17.151651294281777,15.715971754068208,12.021044699242404
92,121.13335313335314,107.30130680130681,126.1035046035046,6734.0,106,97,113,146,117,146,23.429237955864526,0.25507575757575757,0.7012391960845569,40,20,33,35.25873016981845,32.888869908515794,19.858408887869448
93,126.71264367816092,173.8623301985371,93.51698014629049,3828.0,110,166,85,142,185,107,19.408461135329965,0.28618421052631576,0.8052166596550273,32,19,22,25.793385638352763,24.432673707985185,15.993530199759686
94,122.34552454282965,308.0577478344562,273.54523580365736,2078.0,111,301,268,134,316,280,15.832480931414358,0.5019323671497584,0.9042645778938208,23,15,12,19.615899405746735,18.387899914900625,13.371529139950466
95,125.8578916715201,81.5812463599301,152.8258590564939,1717.0,116,75,146,136,89,162,14.856752585024413,0.38325892857142857,0.8809645972293484,20,14,16,18.566436767208835,16.433583021491966,13.465251328829577
96,126.30059880239521,97.33909324208726,138.62600513259196,5845.0,106,88,129,149,113,156,22.34919909544078,0.20137812230835486,0.6582948530239892,43,25,27,33.10534467899529,30.671052187562143,19.544888101253424
97,122.13395872420263,96.18198874296435,204.13020637898686,2665.0,112,88,196,132,105,213,17.201495137830033,0.4610726643598616,0.9151785714285714,20,17,17,19.58521832023231,17.50265263698824,16.20909512817269
98,125.05660377358491,180.05974842767296,235.37735849056602,318.0,119,176,233,131,185,239,8.468558642058058,0.49074074074074076,0.8712328767123287,12,9,6,10.710888600586786,9.765730641592672,7.2558373064736825
99,126.20379839298758,198.67932797662527,241.88385682980277,1369.0,117,193,237,136,206,248,13.776374554377382,0.5038645564961355,0.9048248512888302,19,13,11,16.696536153310387,16.007137363164304,11.602094926646807
100,125.3856993736952,216.7338204592902,126.9804279749478,3832.0,111,209,120,143,227,139,19.415218956605635,0.35014619883040937,0.7350853635142912,32,18,19,25.41321853798586,24.882815062488437,16.167284531117062
101,128.51334519572953,266.5338078291815,261.5960854092527,1124.0,121,259,257,137,274,267,12.89998572284437,0.4683333333333333,0.8941925218774861,16,15,10,15.589776487680357,13.609870862805604,11.934265292964069
102,130.20870364695065,147.11645724793135,88.14281336193687,3263.0,118,134,81,146,158,98,18.402330115773214,0.2856267507002801,0.8114896791842825,28,24,17,25.491427019477936,22.020678138981804,16.987672238014426
103,128.92296296296297,240.9125925925926,161.4720987654321,2025.0,118,234,153,141,248,169,15.696716038815882,0.39305124223602483,0.89720868409393,23,14,16,20.049986390986128,19.079102094333187,12.863291814980206
104,134.85607135617272,66.2675856476789,175.39266166632882,4933.0,120,58,165,150,75,187,21.120498494894292,0.43966131907308376,0.8947941229820424,30,17,22,28.25135755036231,24.717574411624707,18.851803663014415
105,129.8231884057971,330.9304347826087,243.58840579710144,345.0,125,328,240,136,335,248,8.701754454821554,0.560064935064935,0.92,11,7,8,9.947598205325235,9.264926564887952,7.788543775343928
106,134.8047619047619,101.27142857142857,218.74285714285713,210.0,131,98,216,139,107,222,7.374629802528655,0.4861111111111111,0.9251101321585903,8,9,6,8.798468611889604,7.761441090731694,6.742059945103632
107,138.48,122.156,97.058,500.0,133,118,92,145,128,103,9.847450218426964,0.3787878787878788,0.8620689655172413,12,10,11,13.073416570179672,10.88075794858878,9.310901441148088
108,139.4452296819788,129.20494699646642,91.06713780918727,283.0,134,125,88,146,134,96,8.14571612592436,0.3275462962962963,0.8473053892215568,12,9,8,10.550295858257838,9.623093591476431,6.974837122947385
109,136.54592363261094,213.07327141382868,134.99896800825593,969.0,129,206,121,142,222,145,12.27745595854052,0.19411057692307693,0.6129032258064516,13,16,24,16.391358851201975,15.22073419052542,11.839284838407414
110,140.5095862764884,231.82240161453078,180.51564076690212,991.0,132,227,175,150,237,187,12.369676563758073,0.4587962962962963,0.9025500910746812,18,10,12,15.133827025419212,14.289123545643218,10.40866854560096
111,142.63072378138847,218.09453471196454,148.45494830132938,677.0,136,214,143,150,223,154,10.89423356770855,0.4884559884559885,0.8884514435695539,14,9,11,13.321969211769487,12.210190493463651,9.49123557470238
112,150.78511176718683,208.83403627161536,132.89434837621258,4742.0,137,201,119,175,219,146,20.844315711611745,0.25676846437080353,0.7175064306249054,38,18,27,31.928385527940662,26.991615086069803,20.799398711046322
113,143.19335347432025,243.7250755287009,195.05740181268882,662.0,137,240,189,149,248,203,10.813172279226256,0.49255952380952384,0.8921832884097035,12,8,14,12.877739021884615,11.398635573478408,9.919936141134855
114,140.1566731141199,188.24468085106383,95.90570599613153,2068.0,130,178,88,149,197,103,15.807043096902147,0.3819021237303786,0.8193343898573693,19,19,15,19.24251539521844,16.93909710886548,15.090569870120953
115,148.42857142857142,106.37142857142857,125.27619047619048,210.0,145,103,122,154,110,129,7.374629802528655,0.47619047619047616,0.8641975308641975,9,7,7,9.094980068272422,8.05372687273273,6.795206405065618
116,146.00797872340425,200.63829787234042,193.42287234042553,376.0,142,196,189,151,206,199,8.954948121538386,0.4177777777777778,0.8805620608899297,9,10,10,11.096892740190517,10.004505284273879,7.830661802884543
117,155.0269759913677,184.2176962503372,94.17075802535743,3707.0,138,174,87,169,196,103,19.20177255815725,0.3397177419354839,0.7867147707979627,31,22,16,25.986665151468994,21.40566970055684,18.867240681994183
118,150.68147208121826,137.60532994923858,88.19923857868021,788.0,142,132,85,159,145,93,11.459769042746508,0.4457013574660634,0.862144420131291,17,13,8,15.7307736351292,13.715743891583736,10.192586119648281
119,153.01602300739523,206.6951520131471,168.8229252259655,2434.0,142,201,162,166,214,177,16.689397189810663,0.5200854700854701,0.9177978883861236,24,13,15,20.694334263306505,19.60528046509674,13.925114104987056
120,163.80988593155894,184.53992395437263,182.47908745247148,263.0,159,181,179,170,189,186,7.949119797058365,0.42694805194805197,0.9100346020761245,11,8,7,9.816095462982656,8.341735065107464,7.39615290240202
121,178.38311688311688,203.0,141.04545454545453,154.0,174,201,138,184,207,146,6.650291768032731,0.32083333333333336,0.7475728155339806,10,6,8,9.963881824335367,9.394500528197849,5.50152218562798
122,189.0142857142857,118.24642857142857,178.85357142857143,280.0,185,114,175,193,124,183,8.116830365159922,0.4375,0.875,8,10,8,9.42102923368467,8.613071435959936,7.5676219841282295
